i_d,regdate,first_name,last_name,homephone,email_address,street,city,state,zipcode
4240,2/1/09,Joe,Barker,teerbs5@jumpstartlab.com,0,q,Q,Yk,00000
3417,1/30/09,Joe,Czolba,dwlly.dowd.06@jumpstartlab.com,6083431000,1315 Bowen Court,Madison,Wi,53715
3795,1/31/09,Joe,Goff,ucke7@jumpstartlab.com,2075776000,blank,Blank,Gu,06320
1318,1/21/09,Joe,Horter,ns76358@jumpstartlab.com,570-280-5000,2  Olive St.,Carbondale,Pa,18407
2099,1/21/09,Joe,Jones,mxeden@jumpstartlab.com,810-252-3000,111 No Road,Mount pleasant,Mi,48858
1533,1/21/09,Joe,Lepore,uhenanova3@jumpstartlab.com,443-756-3000,1000 Hilltop Circle,Baltimore,Md,21250
3633,1/31/09,Joe,Michaelson,uramnoum@jumpstartlab.com,2023166000,4576 Middlebury College,Middlebury,Vt,05753
3282,1/30/09,Joe,Prisby,xiyyyyyyyyuuuuuuuio@jumpstartlab.com,865 585 1000,512 E. Watauga Ave.,Johnson city,Tn,37604
824,1/16/09,Joe,Rizzo,eooss_a@jumpstartlab.com,240-535-8000,,College park,Md,20740
1572,1/21/09,Joe,Rothenberg,bmhanson21@jumpstartlab.com,928-556-3000,HC 63 Box 257,Winslow,Az,86047
3401,1/30/09,Joe,Sanders,cdslaughter@jumpstartlab.com,706-982-2000,PO Box 331,Rabun gap,Ga,30568
2271,1/21/09,Joe,Thomas,oorah_Rosengard@jumpstartlab.com,9729009000,6363 St. Charles Ave,New orleans,La,70118
4053,2/1/09,Joe,Vernon,xkmes.p.gilchrist@jumpstartlab.com,720-934-8000,3636 T St. NW,Washington,Dc,20007
1767,1/21/09,Joe,Waterman,elline2@jumpstartlab.com,4042185000,roanoke college,Salem,Va,24153
